Script;Pos;B73 V5 ID;Locus;gRNA + PAM
1;1;Zm00001eb012040;S1_PRH5_Zm00001eb012040_1;TCGCCTCCTCGGCCACAATCTGG
1;2;Zm00001eb088070;S1_PP2C.A8_Zm00001eb088070_1;TCAACGTACCGGGCGACGACGGG
1;3;Zm00001eb148130;S1_PP2C.A1_Zm00001eb148130_1;GAGCACACGAAGGCTGCCTCTGG
1;4;Zm00001eb158020;S1_PP2C.A6_Zm00001eb158020_2;GCGCGTCTGCACCTTGTGAAGGG
1;5;Zm00001eb160470;S1_PP2C.A11_Zm00001eb160470_1;GTCTGCGGCCACGGTCGAGGCGG
1;6;Zm00001eb294200;S1_PP2C.A10_Zm00001eb294200_1;CGACAAGCTGGATCTCGGCGCGG
1;7;Zm00001eb336760;S1_PLD_Zm00001eb336760_3;CCTTGGTTCGGGACACCAGCAGG
1;8;Zm00001eb344210;S1_PP2C.A7_Zm00001eb344210_1;CCGTTGGCGAATTTCGCTGCCGG
1;9;Zm00001eb356420;S1_PRH18_Zm00001eb356420_1;GTTCCTGCCTCAGGAGCACCTGG
1;10;Zm00001eb357040;S1_PRH132_Zm00001eb357040_1;TCTAGCGAAAGAATCCACAAAGG
1;11;Zm00001eb367840;S1_PP2C.A2_Zm00001eb367840_1;CACAGGAAGGCAGATTGTTCTGG
1;12;Zm00001eb419870;S1_PP2C.A9_Zm00001eb419870_3;TTCCGTACCTCGTCGCCGCCGGG
2;1;Zm00001eb003440;S2_BAM2_Zm00001eb003440_3;ACCAGGTGCCGTCGCTCTCCGGG
2;2;Zm00001eb016290;S2_SUS2_Zm00001eb016290_1;GGAGTACCTCCGCTTCAAGGAGG
2;3;Zm00001eb021270;S2_TRE1_Zm00001eb021270_2;CATGCTCTTTAAGCAGAGAGTGG
2;4;Zm00001eb055280;S2_WOL1_Zm00001eb055280_1;CGCGCCGGTCGTCTACTCGCAGG
2;5;Zm00001eb122980;S2_RAFS1_Zm00001eb122980_1;TCGGTGCGGCGGCACTTCGGCGG
2;6;Zm00001eb143050;S2_HK2_Zm00001eb143050_1;CATAGGTGAAGATCACTCCAAGG
2;7;Zm00001eb190410;S2_HK6_Zm00001eb190410_1;ATTTTGGAGATCCGTTTAGGAGG
2;8;Zm00001eb222250;S2_BAM1_Zm00001eb222250_1;GCGGCCGGCAAGCCTGAGTGGGG
2;9;Zm00001eb224010;S2_ROCK3_Zm00001eb224010_1;ATTCTGACAACTCGATGCTATGG
2;10;Zm00001eb253970;S2_WOL2_Zm00001eb253970_1;CACAAGTGACTCCACATCAAAGG
2;11;Zm00001eb303190;S2_RAFS2_Zm00001eb303190_1;CAGCCGGCTGACCGGGATCAAGG
2;12;Zm00001eb374090;S2_SUS1_Zm00001eb374090_3;AACACTCATGTCTGCTCCAGGGG
2;13;Zm00001eb016250;S2_SUS2.2_Zm00001eb016250_1;GGAGTACCTCCGCTTCAAGGAGG
3;1;Zm00001eb129290;S3_GBF1_Zm00001eb129290_1;CACTTATCAGGTGAAGCTGAAGG
3;2;Zm00001eb157860;S3_GBF2_Zm00001eb157860_1;TCACTACCGGTGCTCACACATGG
3;3;Zm00001eb159030;S3_CBS_Zm00001eb159030_1;GCGTGTCATGGGTCCGAACAGGG
3;4;Zm00001eb178990;S3_PUB18_Zm00001eb178990_1;GCTGATGACGGACCCGGTAACGG
3;5;Zm00001eb249520;S3_MB_Zm00001eb249520_1;CAGTCTGCTTCTTCCACCTGCGG
3;6;Zm00001eb279120;S3_ABF_Zm00001eb279120_2;GTTCAACGGGATGGGGAAGGTGG
3;7;Zm00001eb279710;S3_FTSH6_Zm00001eb279710_1;CGTGCAGTTCTTGAAGTCGCCGG
3;8;Zm00001eb296340;S3_GBF3_Zm00001eb296340_2;CCGAAAGGGGGTGGCATTATAGG
3;9;Zm00001eb311590;S3_PUB19_Zm00001eb311590_1;TCTGGTCGAACAGCACGACACGG
3;10;Zm00001eb350120;S3_OZF1_Zm00001eb350120_1;GTCGCCGTACGCCCTCCTGGCGG
3;11;Zm00001eb389930;S3_FTSH11_Zm00001eb389930_2;TTCCCACTTATTCTTATCGGTGG
3;12;Zm00001eb409910;S3_RTF_Zm00001eb409910_1;ACCTGAGACGGCACGAGCTCCGG
4;1;Zm00001eb015620;S4_RBL1_Zm00001eb015620_2;GGCCAGAACCCGCCGGCTCACGG
4;2;Zm00001eb086700;S4_HIPP25_Zm00001eb086700_1;AGGTGCGCATCGACTGCGAAGGG
4;3;Zm00001eb119440;S4_DAA1_Zm00001eb119440_3;AAAATAGTGGGCAAGAGCTCTGG
4;4;Zm00001eb126900;S4_RBL2_Zm00001eb126900_1;CGCGGGAGGCGAGGCTGTACTGG
4;5;Zm00001eb198790;S4_HIPP.1_Zm00001eb198790_OFF1;ACTTCACCGCGCTCTTCACGCGG
4;6;Zm00001eb249190;S4_MFS_Zm00001eb249190_2;AAAAGTGTACGCAACTAGTTTGG
4;7;Zm00001eb254100;S4_SGNH1_Zm00001eb254100_1;CGAAACTGTTGGGTTTCAAGAGG
4;8;Zm00001eb259960;S4_HIPP.2_Zm00001eb259960_1;ACACATGCGACATGTGGTCCAGG
4;9;Zm00001eb311100;S4_HIPP23_Zm00001eb311100_2;TCCTCTTCTTGTACCGGCGCCGG
4;10;Zm00001eb314120;S4_SBT4_Zm00001eb314120_2;GTAGAGGGACATGCCGGCGTGGG
4;11;Zm00001eb339080;S4_DAA2_Zm00001eb339080_1;CTACCAGCAGATGCTTGCCAGGG
4;12;Zm00001eb428570;S4_SBT57_Zm00001eb428570_2;GCAATGGCGCAAACCTCACCGGG
5;1;Zm00001eb021710;S5_GST38_Zm00001eb021710_1;ACCGACGGGCACGTGCCGCCGGG
5;2;Zm00001eb059930;S5_GST5_Zm00001eb059930_2;GGTCGAGATCCTCCGCACGCTGG
5;3;Zm00001eb050470;S5_GST.1_Zm00001eb050470_1;GACCACGATCTGTGTGGCAATGG
5;4;Zm00001eb089800;S5_ACO8_Zm00001eb089800_1;GAAAGGTATCTCAGCCAGCTTGG
5;5;Zm00001eb105870;S5_ACO5_Zm00001eb105870_3;ATTAAAACTAGTCTTGCGCCAGG
5;6;Zm00001eb124380;S5_MTL3_Zm00001eb124380_2;GAGCTTACAACAACACAACCAGG
5;7;Zm00001eb124800;S5_MTL8_Zm00001eb124800_3;CTGACTGTCTCTGTGTATGCAGG
5;8;Zm00001eb156130;S5_GST51_Zm00001eb156130_1;CAGCTCGTCGCCCGCTCCTATGG
5;9;Zm00001eb310220;S5_POASP_Zm00001eb310220_1;TCGCCCCCGGCGGGGTCAGCTGG
5;10;Zm00001eb315490;S5_GST23_Zm00001eb315490_2;TACCCGATCTTCACCGCGACCGG
5;11;Zm00001eb335880;S5_MTL9_Zm00001eb335880_2;CAGCAAGATGTACCCGGACATGG
5;12;Zm00001eb404560;S5_GST25_Zm00001eb404560_1;ATATAGATGTGAGCAGTGTCTGG
